--insert into mos_servico_tipo(svtp_id, svtp_dsservicotipo) values (1004,'ALTERACAO SITUACAO DA LIGACAO');
--insert into mos_servico_tipo(svtp_id, svtp_dsservicotipo) values (10,'TRANSFERENCIA DE CONSUMIDOR');
--insert into mos_servico_tipo(svtp_id, svtp_dsservicotipo) values (110,'LOCALIZAR IMOVEL');
--insert into mos_servico_tipo(svtp_id, svtp_dsservicotipo) values (1185,'ATUALIZACAO CADASTRAL GSAN');
--insert into mos_servico_tipo(svtp_id, svtp_dsservicotipo) values (11,'EXCLUSAO DE CONTAS');
--insert into mos_servico_tipo(svtp_id, svtp_dsservicotipo) values (12,'CREDITO POR PAG. DE CONTA EM DUPLICIDADE E OUTROS');
--insert into mos_servico_tipo(svtp_id, svtp_dsservicotipo) values (13,'EXTRATO DE 2 VIA DE CONTA');
--insert into mos_servico_tipo(svtp_id, svtp_dsservicotipo) values (14,'EXCLUSAO DE JUROS E MULTA');
--insert into mos_servico_tipo(svtp_id, svtp_dsservicotipo) values (151,'RELIGACAO-INTERIOR');
--insert into mos_servico_tipo(svtp_id, svtp_dsservicotipo) values (15,'INCLUSAO DE DEBITO AUTOMATICO');
--insert into mos_servico_tipo(svtp_id, svtp_dsservicotipo) values (16,'EXCLUSAO DE DEBITO AUTOMATICO');
--insert into mos_servico_tipo(svtp_id, svtp_dsservicotipo) values (17,'PROBLEMAS COM DE DEBITO AUTOMATICO');
--insert into mos_servico_tipo(svtp_id, svtp_dsservicotipo) values (18,'VAZAMENTO NA REDE (RUA)');
--insert into mos_servico_tipo(svtp_id, svtp_dsservicotipo) values (19,'MATERIAL DE AGUA');
--insert into mos_servico_tipo(svtp_id, svtp_dsservicotipo) values (1,'LIGACAO DE AGUA');
--insert into mos_servico_tipo(svtp_id, svtp_dsservicotipo) values (20,'MATERIAL DE ESGOTO');
--insert into mos_servico_tipo(svtp_id, svtp_dsservicotipo) values (21,'REQUERIMENTOS');
--insert into mos_servico_tipo(svtp_id, svtp_dsservicotipo) values (22,'SERVICOS (ESGOTO)');
--insert into mos_servico_tipo(svtp_id, svtp_dsservicotipo) values (23,'HIDROMETRO');
--insert into mos_servico_tipo(svtp_id, svtp_dsservicotipo) values (24,'CADASTRO DE CONSUMIDOR');
--insert into mos_servico_tipo(svtp_id, svtp_dsservicotipo) values (252,'CONFIRMAR DADOS CORTE LIGACAO DE AGUA');
--insert into mos_servico_tipo(svtp_id, svtp_dsservicotipo) values (253,'CONFIRMAR DADOS SUPRESSAO LIGACAO DE AGUA');
--insert into mos_servico_tipo(svtp_id, svtp_dsservicotipo) values (254,'CONFIRMAR DADOS  LIGACAO DE ESGOTO');
--insert into mos_servico_tipo(svtp_id, svtp_dsservicotipo) values (255,'CONFIRMAR DADOS LIGACAO DE AGUA');
--insert into mos_servico_tipo(svtp_id, svtp_dsservicotipo) values (25,'REPOSICAO DE CALCAMENTO');
--insert into mos_servico_tipo(svtp_id, svtp_dsservicotipo) values (26,'ALTERACAO DO VENCIMENTO DA FATURA');
--insert into mos_servico_tipo(svtp_id, svtp_dsservicotipo) values (27,'REVISAO DE LEITURA E/OU CONSUMO');
--insert into mos_servico_tipo(svtp_id, svtp_dsservicotipo) values (28,'FALTA DE AGUA');
--insert into mos_servico_tipo(svtp_id, svtp_dsservicotipo) values (29,'REVISAO DE TARIFAS (ECONOMIA)');
--insert into mos_servico_tipo(svtp_id, svtp_dsservicotipo) values (2,'LIGACAO DE ESGOTO');
--insert into mos_servico_tipo(svtp_id, svtp_dsservicotipo) values (307,'RETIRADA DE HIDROMETRO');
--insert into mos_servico_tipo(svtp_id, svtp_dsservicotipo) values (30,'DESENTUPIMENTO DE ESGOTO');
--insert into mos_servico_tipo(svtp_id, svtp_dsservicotipo) values (313,'CONFIRMAR DADOS INSTALACAO DE HIDROMETRO');
--insert into mos_servico_tipo(svtp_id, svtp_dsservicotipo) values (314,'CONFIRMAR DADOS SUBSTITUICAO DE HIDROMETRO');
--insert into mos_servico_tipo(svtp_id, svtp_dsservicotipo) values (31,'DETALHAMENTO DE DEBITO');
--insert into mos_servico_tipo(svtp_id, svtp_dsservicotipo) values (3231,'FORNECIMENTO CARRO PIPA');
--insert into mos_servico_tipo(svtp_id, svtp_dsservicotipo) values (3232,'VERIFICAR INSTALACAO DE AGUA');
--insert into mos_servico_tipo(svtp_id, svtp_dsservicotipo) values (3233,'DESLIGAMENTO RAMAL DE AGUA/ESGOTO');
--insert into mos_servico_tipo(svtp_id, svtp_dsservicotipo) values (3234,'DIAGNOSTICO DE DESMEMBRAMENTO');
--insert into mos_servico_tipo(svtp_id, svtp_dsservicotipo) values (3236,'LEVANTAMENTO GERAL DO IMOVEL');
--insert into mos_servico_tipo(svtp_id, svtp_dsservicotipo) values (3237,'FISCALIZACAO DE LEITURA');
--insert into mos_servico_tipo(svtp_id, svtp_dsservicotipo) values (3238,'MANUTENCAO DE CAVALETE');
--insert into mos_servico_tipo(svtp_id, svtp_dsservicotipo) values (3239,'INTERVENCAO NAS INSTALACOES DOS SERVICOS PUBLICOS');
--insert into mos_servico_tipo(svtp_id, svtp_dsservicotipo) values (3240,'LIGACOES CLANDESTINAS');
--insert into mos_servico_tipo(svtp_id, svtp_dsservicotipo) values (3241,'VIOLACAO OU RETIRADA DE HIDROMETROS OU LIMITADOR D');
--insert into mos_servico_tipo(svtp_id, svtp_dsservicotipo) values (3242,'INTERCONEXAO DA INST. PREDIAL COM CANALIZACOES DE');
--insert into mos_servico_tipo(svtp_id, svtp_dsservicotipo) values (3243,'UTILIZACAO DA LIGACAO DE AGUA OU ESGOTO PARA SERVE');
--insert into mos_servico_tipo(svtp_id, svtp_dsservicotipo) values (3244,'LANCAMENTO DE AGUAS PLUVIAIS NA INSTALACAO DE ESGO');
--insert into mos_servico_tipo(svtp_id, svtp_dsservicotipo) values (3245,'LIGACOES DE BOMBAS OU EJETORES NA REDE DISTRIBUIDO');
--insert into mos_servico_tipo(svtp_id, svtp_dsservicotipo) values (3246,'LANCAMENTO DE DESPEJOS NA REDE COLETORA QUE EXIJAM');
--insert into mos_servico_tipo(svtp_id, svtp_dsservicotipo) values (3250,'INICIO DE OBRAS DE INSTALACAO DE AGUA E /OU ESGOTO');
--insert into mos_servico_tipo(svtp_id, svtp_dsservicotipo) values (3251,'ALTERACAO DE PROJETO DE INSTALACAO DE AGUA E/OU ES');
--insert into mos_servico_tipo(svtp_id, svtp_dsservicotipo) values (3252,'INSTALACAO DE TORNEIRAS ANTES DO HIDROMETRO');
--insert into mos_servico_tipo(svtp_id, svtp_dsservicotipo) values (3253,'INVERSAO DO HIDROMETRO');
--insert into mos_servico_tipo(svtp_id, svtp_dsservicotipo) values (3254,'LIGACAO DE ESGOTOS SEM CAIXA DE GORDURA');
--insert into mos_servico_tipo(svtp_id, svtp_dsservicotipo) values (32,'HISTORICO DE LEITURA');
--insert into mos_servico_tipo(svtp_id, svtp_dsservicotipo) values (33,'FALTA DAGUA');
--insert into mos_servico_tipo(svtp_id, svtp_dsservicotipo) values (34,'PROBL. NO FORNECIMENTO - AGUA FRACA');
--insert into mos_servico_tipo(svtp_id, svtp_dsservicotipo) values (35,'VERIFICAR CORTE');
--insert into mos_servico_tipo(svtp_id, svtp_dsservicotipo) values (36,'INSTALACAO DE HIDROMETRO');
--insert into mos_servico_tipo(svtp_id, svtp_dsservicotipo) values (37,'INSTALACAO DE HIDROMETRO (NOVO)');
--insert into mos_servico_tipo(svtp_id, svtp_dsservicotipo) values (38,'CONTROLE ETA/CAP');
--insert into mos_servico_tipo(svtp_id, svtp_dsservicotipo) values (39,'NAO RECEBIMENTO DE CONTA');
--insert into mos_servico_tipo(svtp_id, svtp_dsservicotipo) values (3,'CORTE POR ATRASO');
--insert into mos_servico_tipo(svtp_id, svtp_dsservicotipo) values (40,'VERIFICAR CADASTRO EM DUPLICIDADE');
--insert into mos_servico_tipo(svtp_id, svtp_dsservicotipo) values (41,'SETOR DE CADASTRO');
--insert into mos_servico_tipo(svtp_id, svtp_dsservicotipo) values (42,'SUBSTITUICAO DE RAMAL');
--insert into mos_servico_tipo(svtp_id, svtp_dsservicotipo) values (43,'SUBSTITUIR A TAMPA DO HIDROMETRO');
--insert into mos_servico_tipo(svtp_id, svtp_dsservicotipo) values (44,'RETIRADA DE MULTA E JUROS');
--insert into mos_servico_tipo(svtp_id, svtp_dsservicotipo) values (45,'CONTAS PAGAS CIDADE');
--insert into mos_servico_tipo(svtp_id, svtp_dsservicotipo) values (46,'SETOR DE MEDICAO');
--insert into mos_servico_tipo(svtp_id, svtp_dsservicotipo) values (47,'SETOR DE CADASTRO');
--insert into mos_servico_tipo(svtp_id, svtp_dsservicotipo) values (48,'SETOR DE FATURAMENTO');
--insert into mos_servico_tipo(svtp_id, svtp_dsservicotipo) values (49,'OUTROS TIPOS DE SERVICOS - IDENTIFICAR');
--insert into mos_servico_tipo(svtp_id, svtp_dsservicotipo) values (4,'RELIGACAO');
--insert into mos_servico_tipo(svtp_id, svtp_dsservicotipo) values (50,'FAZER LEVANTAMENTO GERAL DA RESIDENCIA');
--insert into mos_servico_tipo(svtp_id, svtp_dsservicotipo) values (51,'PESQUISA DE VAZAMENTO');
--insert into mos_servico_tipo(svtp_id, svtp_dsservicotipo) values (52,'CORTE SUSPEITA DE GATO');
--insert into mos_servico_tipo(svtp_id, svtp_dsservicotipo) values (53,'INTERVENCAO  NO RAMAL');
--insert into mos_servico_tipo(svtp_id, svtp_dsservicotipo) values (54,'PARCELAMENTO - ACERTO DE PARCELA EM ABERTO');
--insert into mos_servico_tipo(svtp_id, svtp_dsservicotipo) values (55,'LIGACAO DE AGUA C/INSTL. HIDROMETRO');
--insert into mos_servico_tipo(svtp_id, svtp_dsservicotipo) values (56,'DIAGNOSTICO');
--insert into mos_servico_tipo(svtp_id, svtp_dsservicotipo) values (57,'SUPRESSAO DA LIGACAO DE AGUA');
--insert into mos_servico_tipo(svtp_id, svtp_dsservicotipo) values (58,'RESTABELECIMENTO DA LIGACAO DE AGUA');
--insert into mos_servico_tipo(svtp_id, svtp_dsservicotipo) values (5,'VERIFICAR VAZAMENTO');
--insert into mos_servico_tipo(svtp_id, svtp_dsservicotipo) values (690,'INFORMAR CONSUMO MINIMO AGUA');
--insert into mos_servico_tipo(svtp_id, svtp_dsservicotipo) values (6,'SUBSTITUIR HIDROMETRO');
--insert into mos_servico_tipo(svtp_id, svtp_dsservicotipo) values (743,'TAMPONAMENTO DA LIGACAO DE ESGOTO');
--insert into mos_servico_tipo(svtp_id, svtp_dsservicotipo) values (752,'DESATIVACAO DA LIGACAO DE ESGOTO');
--insert into mos_servico_tipo(svtp_id, svtp_dsservicotipo) values (753,'RESTABELECIMENTO DA LIGACAO DE ESGOTO');
--insert into mos_servico_tipo(svtp_id, svtp_dsservicotipo) values (754,'REATIVACAO DA LIGACAO DE ESGOTO');
--insert into mos_servico_tipo(svtp_id, svtp_dsservicotipo) values (755,'INFORMAR VOLUME MINIMO DE ESGOTO');
--insert into mos_servico_tipo(svtp_id, svtp_dsservicotipo) values (7,'PARCELAMENTO DE DEBITO');
--insert into mos_servico_tipo(svtp_id, svtp_dsservicotipo) values (8,'REFATURAMENTO DA CONTA');
--insert into mos_servico_tipo(svtp_id, svtp_dsservicotipo) values (9,'CORTE A PEDIDO');



INSERT INTO mos_servico_tipo(svtp_id, svtp_dsservicotipo)
VALUES (1, 'Reaterro de Vala');

INSERT INTO mos_servico_tipo(svtp_id, svtp_dsservicotipo)
VALUES (2, 'Recomposicao de calcada');

INSERT INTO mos_servico_tipo(svtp_id, svtp_dsservicotipo)
VALUES (3, 'Recomposicao asfaltica (manutencao)');

INSERT INTO mos_servico_tipo(svtp_id, svtp_dsservicotipo)
VALUES (4, 'Recomposicao asfaltica (ligacao nova)');

INSERT INTO mos_servico_tipo(svtp_id, svtp_dsservicotipo)
VALUES (5, 'Ligacao Nova');

INSERT INTO mos_servico_tipo(svtp_id, svtp_dsservicotipo)
VALUES (6, 'Vazamento na rede');

INSERT INTO mos_servico_tipo(svtp_id, svtp_dsservicotipo)
VALUES (7, 'Vazamento no cavalete');

INSERT INTO mos_servico_tipo(svtp_id, svtp_dsservicotipo)
VALUES (8, 'Vazamento no ramal');

INSERT INTO mos_servico_tipo(svtp_id, svtp_dsservicotipo)
VALUES (9, 'Retirada de Entulho');

INSERT INTO mos_servico_tipo(svtp_id, svtp_dsservicotipo)
VALUES (10, 'Corte');

INSERT INTO mos_servico_tipo(svtp_id, svtp_dsservicotipo)
VALUES (11, 'Instalacao de Hidrometro');

INSERT INTO mos_servico_tipo(svtp_id, svtp_dsservicotipo)
VALUES (12, 'Supressao');

INSERT INTO mos_servico_tipo(svtp_id, svtp_dsservicotipo)
VALUES (13, 'Substituicao de Hidrometro');

INSERT INTO mos_servico_tipo(svtp_id, svtp_dsservicotipo)
VALUES (14, 'Religacao');

INSERT INTO mos_servico_tipo(svtp_id, svtp_dsservicotipo)
VALUES (15, 'Remanejamento');

-- Corte Tipo
insert into mos_corte_tipo (cotp_id, empr_id,cotp_dscortetipo)  values(0, 1,'NAO INFORMADO');
insert into mos_corte_tipo (cotp_id, empr_id,cotp_dscortetipo)  values(1, 1,'CAVALETE');
insert into mos_corte_tipo (cotp_id, empr_id,cotp_dscortetipo)  values(2, 1,'CORTE COM ESCAVACAO/REATERRO');
insert into mos_corte_tipo (cotp_id, empr_id,cotp_dscortetipo)  values(3, 1,'LENTILHA');
insert into mos_corte_tipo (cotp_id, empr_id,cotp_dscortetipo)  values(4, 1,'NO RAMAL EM LOG COM PAVIMENTO');
insert into mos_corte_tipo (cotp_id, empr_id,cotp_dscortetipo)  values(5, 1,'COM RETIRADA DE HIDROMETRO');
insert into mos_corte_tipo (cotp_id, empr_id,cotp_dscortetipo)  values(9, 1,'CORTE ADMINISTRATIVO');
insert into mos_corte_tipo (cotp_id, empr_id,cotp_dscortetipo)  values(12, 1,'VIA PUBLICA ASFALTADA');
insert into mos_corte_tipo (cotp_id, empr_id,cotp_dscortetipo)  values(6, 1,'CALCADA EM TERRA');
insert into mos_corte_tipo (cotp_id, empr_id,cotp_dscortetipo)  values(7, 1,'CALCADA - PASSEIO LADRILHO');
insert into mos_corte_tipo (cotp_id, empr_id,cotp_dscortetipo)  values(8, 1,'CALCADA - PASSEIO CIMENTADO');
insert into mos_corte_tipo (cotp_id, empr_id,cotp_dscortetipo)  values(10, 1,'VIA PUBLICA EM TERRA');
insert into mos_corte_tipo (cotp_id, empr_id,cotp_dscortetipo)  values(11, 1,'VIA PUBLICA EM PARALELEPIPEDO');

--  Empresa
insert into mos_empresa(empr_id, empr_nmrazaosocial) values (1, 'SERVICO AUTONOMO MUNICIPAL DE AGUA E ESGOTO');

--  Funcionario
insert into mos_funcionario(func_id,empr_id,func_nnmatricula,func_nmfuncionario) values (100,1,100,'CARLOS BERNARD RODRIGUES HAHN');
insert into mos_funcionario(func_id,empr_id,func_nnmatricula,func_nmfuncionario) values (101,1,101,'THIAGO RAFAEL AYRES');
insert into mos_funcionario(func_id,empr_id,func_nnmatricula,func_nmfuncionario) values (102,1,102,'ANTONIO ESPINDOLA DE OLIVEIRA');
insert into mos_funcionario(func_id,empr_id,func_nnmatricula,func_nmfuncionario) values (103,1,103,'ANTONIO LEONARDO COELHO XAVIER');
insert into mos_funcionario(func_id,empr_id,func_nnmatricula,func_nmfuncionario) values (104,1,104,'ANDERSON SANDRINI BOTEGA');
insert into mos_funcionario(func_id,empr_id,func_nnmatricula,func_nmfuncionario) values (105,1,105,'KARINE LUIZ AGUIAR');
insert into mos_funcionario(func_id,empr_id,func_nnmatricula,func_nmfuncionario) values (106,1,106,'EDUARDO SOARES DARELLA');
insert into mos_funcionario(func_id,empr_id,func_nnmatricula,func_nmfuncionario) values (107,1,107,'JEANE MARTINS JOAO');
insert into mos_funcionario(func_id,empr_id,func_nnmatricula,func_nmfuncionario) values (108,1,108,'DEBORA QUECIA FONSECA RIBEIRO');
insert into mos_funcionario(func_id,empr_id,func_nnmatricula,func_nmfuncionario) values (109,1,109,'GRASIELA SPECK');
insert into mos_funcionario(func_id,empr_id,func_nnmatricula,func_nmfuncionario) values (110,1,110,'ELISAMELIA ZOCULOTTO');
insert into mos_funcionario(func_id,empr_id,func_nnmatricula,func_nmfuncionario) values (111,1,111,'JOSIEL DOS SANTOS DE MEDEIROS');
insert into mos_funcionario(func_id,empr_id,func_nnmatricula,func_nmfuncionario) values (113,1,113,'GEAN ALBINO DUARTE');
insert into mos_funcionario(func_id,empr_id,func_nnmatricula,func_nmfuncionario) values (114,1,114,'JOSE PAULO CUSTODIO');
insert into mos_funcionario(func_id,empr_id,func_nnmatricula,func_nmfuncionario) values (115,1,115,'JOSIMAR FERRAZ CASPRIK');
insert into mos_funcionario(func_id,empr_id,func_nnmatricula,func_nmfuncionario) values (16,1,16,'MANUELA MATHIAS BORGES');
insert into mos_funcionario(func_id,empr_id,func_nnmatricula,func_nmfuncionario) values (2,1,2,'LUIZ FERNANDO OLIVEIRA DA SILVA');
insert into mos_funcionario(func_id,empr_id,func_nnmatricula,func_nmfuncionario) values (200,1,200,'JOAO ANTONIO MACHADO');
insert into mos_funcionario(func_id,empr_id,func_nnmatricula,func_nmfuncionario) values (203,1,203,'UGO LEONARDO MEDEIROS');
insert into mos_funcionario(func_id,empr_id,func_nnmatricula,func_nmfuncionario) values (204,1,204,'EDUARDO SILVANO BATISTA');
insert into mos_funcionario(func_id,empr_id,func_nnmatricula,func_nmfuncionario) values (205,1,205,'RODRIGO PORTO');
insert into mos_funcionario(func_id,empr_id,func_nnmatricula,func_nmfuncionario) values (24,1,24,'SAMURAI DA SILVA HIPOLITO');
insert into mos_funcionario(func_id,empr_id,func_nnmatricula,func_nmfuncionario) values (3,1,3,'DAISON SCHEFFER CARDOSO');
insert into mos_funcionario(func_id,empr_id,func_nnmatricula,func_nmfuncionario) values (300,1,300,'TATIANA GONCALVES FOGACA');
insert into mos_funcionario(func_id,empr_id,func_nnmatricula,func_nmfuncionario) values (7,1,7,'FABRICIO RODRIGUES DE OLIVEIRA');
insert into mos_funcionario(func_id,empr_id,func_nnmatricula,func_nmfuncionario) values (112,1,112,'ANA PAULA MEDEIROS');
insert into mos_funcionario(func_id,empr_id,func_nnmatricula,func_nmfuncionario) values (215,1,215,'JADNA RODRIGUES LOPES');
insert into mos_funcionario(func_id,empr_id,func_nnmatricula,func_nmfuncionario) values (8,1,8,'REGINALDO MENDES');
insert into mos_funcionario(func_id,empr_id,func_nnmatricula,func_nmfuncionario) values (1000,1,1000,'PAULO HUMBERTO BORGES');
insert into mos_funcionario(func_id,empr_id,func_nnmatricula,func_nmfuncionario) values (120,1,120,'LUANA HOMEM DE BORBA');
insert into mos_funcionario(func_id,empr_id,func_nnmatricula,func_nmfuncionario) values (500,1,500,'LUCAS LUCKMANN TRISCH');


--  Equipe
insert into mos_equipe (eqpe_id,empr_id,eqpe_nmequipe,eqpe_nnplacaveiculo,eqpe_cargahorariotrabalho)  values(1, 1, 'MASTER', 'AAB1245',480);
insert into mos_equipe (eqpe_id,empr_id,eqpe_nmequipe,eqpe_nnplacaveiculo,eqpe_cargahorariotrabalho)  values(2, 1, 'TESTE', '',360);


--  mos_hidrometro_local_armaz
INSERT INTO mos_hidrometro_local_armaz (hdla_id, hdla_dslocalarmazenagem)
VALUES (0, 'NAO INFORMADO');

INSERT INTO mos_hidrometro_local_armaz (hdla_id, hdla_dslocalarmazenagem)
VALUES (1, 'ALMOXARIFADO CENTRAL');

INSERT INTO mos_hidrometro_local_armaz (hdla_id, hdla_dslocalarmazenagem)
VALUES (2, 'ALMOXARIFADO NORTE');

INSERT INTO mos_hidrometro_local_armaz (hdla_id, hdla_dslocalarmazenagem)
VALUES (3, 'ALMOXARIFADO SUL');

INSERT INTO mos_hidrometro_local_armaz (hdla_id, hdla_dslocalarmazenagem)
VALUES (4, 'OFICINA CENTRAL');


--  mos_hidrometro_local_inst
INSERT INTO mos_hidrometro_local_inst (hloi_id, hloi_dslocalinstalacao)
VALUES (0, 'NAO INFORMADO');

INSERT INTO mos_hidrometro_local_inst (hloi_id, hloi_dslocalinstalacao)
VALUES (1, 'JARDIM');

INSERT INTO mos_hidrometro_local_inst (hloi_id, hloi_dslocalinstalacao)
VALUES (2, 'QUINTAL');

INSERT INTO mos_hidrometro_local_inst (hloi_id, hloi_dslocalinstalacao)
VALUES (3, 'CALCADA');

INSERT INTO mos_hidrometro_local_inst (hloi_id, hloi_dslocalinstalacao)
VALUES (4, 'LATERAL ESQUERDA');

INSERT INTO mos_hidrometro_local_inst (hloi_id, hloi_dslocalinstalacao)
VALUES (5, 'LATERAL DIREITA');

INSERT INTO mos_hidrometro_local_inst (hloi_id, hloi_dslocalinstalacao)
VALUES (6, 'INTERIOR DO IMOVEL');

INSERT INTO mos_hidrometro_local_inst (hloi_id, hloi_dslocalinstalacao)
VALUES (7, 'HALL DO EDIFICIO');

INSERT INTO mos_hidrometro_local_inst (hloi_id, hloi_dslocalinstalacao)
VALUES (8, 'MURO DO IMOVEL');

INSERT INTO mos_hidrometro_local_inst (hloi_id, hloi_dslocalinstalacao)
VALUES (9, 'OUTROS');

INSERT INTO mos_hidrometro_local_inst (hloi_id, hloi_dslocalinstalacao)
VALUES (10, 'PAREDE');

INSERT INTO mos_hidrometro_local_inst (hloi_id, hloi_dslocalinstalacao)
VALUES (11, 'MURETA');

INSERT INTO mos_hidrometro_local_inst (hloi_id, hloi_dslocalinstalacao)
VALUES (12, 'GARAGEM');


--  mos_hidrometro_protecao
INSERT INTO mos_hidrometro_protecao(hpro_id, hpro_dsprotecao)
VALUES (0, 'SEM PROTECAO');

INSERT INTO mos_hidrometro_protecao(hpro_id, hpro_dsprotecao)
VALUES (1, 'FERRO FUNDIDO E CAIXA.CONCRETO');

INSERT INTO mos_hidrometro_protecao(hpro_id, hpro_dsprotecao)
VALUES (2, 'CAIXA PRE-MOLDADA EM CONCRETO');

INSERT INTO mos_hidrometro_protecao(hpro_id, hpro_dsprotecao)
VALUES (3, 'ALVENARIA COM TAMPA CONCRETO');

INSERT INTO mos_hidrometro_protecao(hpro_id, hpro_dsprotecao)
VALUES (4, 'ALVENARIA COM TAMPA METALICA');

INSERT INTO mos_hidrometro_protecao(hpro_id, hpro_dsprotecao)
VALUES (5, 'CAIXA METALICA');

INSERT INTO mos_hidrometro_protecao(hpro_id, hpro_dsprotecao)
VALUES (6, 'CAIXA DE PAREDE');

INSERT INTO mos_hidrometro_protecao(hpro_id, hpro_dsprotecao)
VALUES (7, 'OUTROS');

INSERT INTO mos_hidrometro_protecao(hpro_id, hpro_dsprotecao)
VALUES (8, 'CAIXA PRETA');

INSERT INTO mos_hidrometro_protecao(hpro_id, hpro_dsprotecao)
VALUES (9, 'CAIXA PLASTICA');



--  mos_hidrometro_situacao
INSERT INTO mos_hidrometro_situacao(hdst_id,hdst_dstiposituacaohm)
VALUES (1, 'INSTALADO');

INSERT INTO mos_hidrometro_situacao(hdst_id,hdst_dstiposituacaohm)
VALUES (2, 'EM MANUTENCAO');

INSERT INTO mos_hidrometro_situacao(hdst_id,hdst_dstiposituacaohm)
VALUES (3, 'DISPONIVEL');

INSERT INTO mos_hidrometro_situacao(hdst_id,hdst_dstiposituacaohm)
VALUES (4, 'DESMONTADO');

INSERT INTO mos_hidrometro_situacao(hdst_id,hdst_dstiposituacaohm)
VALUES (5, 'DANIFICADO');

INSERT INTO mos_hidrometro_situacao(hdst_id,hdst_dstiposituacaohm)
VALUES (6, 'FURTADO');

INSERT INTO mos_hidrometro_situacao(hdst_id,hdst_dstiposituacaohm)
VALUES (7, 'DESAPARECIDO');

INSERT INTO mos_hidrometro_situacao(hdst_id,hdst_dstiposituacaohm)
VALUES (8, 'DEF. MECANICO');


--  mos_hidrometro_tipo_instal
INSERT INTO mos_hidrometro_tipo_instal (htpi_id, htpi_dstipoinstalacaohm)
VALUES (1, 'INSTALACAO DE HM COM CAIXA PLASTICA');

INSERT INTO mos_hidrometro_tipo_instal (htpi_id, htpi_dstipoinstalacaohm)
VALUES (2, 'INSTALACAO DE HM COM CAIXA DE GARAGEM');

INSERT INTO mos_hidrometro_tipo_instal (htpi_id, htpi_dstipoinstalacaohm)
VALUES (3, 'INSTALACAO DE HM COM CAIXA PLASTICA - AVULSA');

INSERT INTO mos_hidrometro_tipo_instal (htpi_id, htpi_dstipoinstalacaohm)
VALUES (4, 'INSTALACAO DE HM COM CAIXA DE GARAGEM - AVULSA');


--  mos_hidrometro_tipo_subs
INSERT INTO mos_hidrometro_tipo_subs(hits_id, hits_dstiposubstituicao)
VALUES (1, 'SUBSTITUICAO HM COM ADEQUACAO');

INSERT INTO mos_hidrometro_tipo_subs(hits_id, hits_dstiposubstituicao)
VALUES (2, 'SUBSTITUICAO HM COM REMANEJAMENTO DE CAVALETE');

INSERT INTO mos_hidrometro_tipo_subs(hits_id, hits_dstiposubstituicao)
VALUES (3, 'SUBSTITUICAO DE REGISTRO NO CAVALETE');

INSERT INTO mos_hidrometro_tipo_subs(hits_id, hits_dstiposubstituicao)
VALUES (4, 'SUBSTITUICAO HM POR SIMPLES TROCA');


--  mos_interrupcao_motivo
INSERT INTO mos_interrupcao_motivo (inmo_id, inmo_dsinterrupcaomotivo)
VALUES (1, 'Inciar Atividade');

INSERT INTO mos_interrupcao_motivo (inmo_id, inmo_dsinterrupcaomotivo)
VALUES (3, 'DDS');

INSERT INTO mos_interrupcao_motivo (inmo_id, inmo_dsinterrupcaomotivo)
VALUES (4, 'Reposição de Material');

INSERT INTO mos_interrupcao_motivo (inmo_id, inmo_dsinterrupcaomotivo)
VALUES (5, 'Abastecimento');

INSERT INTO mos_interrupcao_motivo (inmo_id, inmo_dsinterrupcaomotivo)
VALUES (6, 'Instrução');

INSERT INTO mos_interrupcao_motivo (inmo_id, inmo_dsinterrupcaomotivo)
VALUES (7, 'Espera de Manobra');

INSERT INTO mos_interrupcao_motivo (inmo_id, inmo_dsinterrupcaomotivo)
VALUES (8, 'Defeito no Veiculo');

INSERT INTO mos_interrupcao_motivo (inmo_id, inmo_dsinterrupcaomotivo)
VALUES (9, 'Almoço');

INSERT INTO mos_interrupcao_motivo (inmo_id, inmo_dsinterrupcaomotivo)
VALUES (10, 'Apoio a outra equipe');

INSERT INTO mos_interrupcao_motivo (inmo_id, inmo_dsinterrupcaomotivo)
VALUES (11, 'Assunto Pessoal');

INSERT INTO mos_interrupcao_motivo (inmo_id, inmo_dsinterrupcaomotivo)
VALUES (12, 'Reunião');

INSERT INTO mos_interrupcao_motivo (inmo_id, inmo_dsinterrupcaomotivo)
VALUES (14, 'Fim Atividade');


--  mos_local_ocorrencia
INSERT INTO mos_local_ocorrencia (loco_id, loco_dslocalocorrencia)
VALUES (1, 'RUA');

INSERT INTO mos_local_ocorrencia (loco_id, loco_dslocalocorrencia)
VALUES (2, 'SOLO BRUTO');

INSERT INTO mos_local_ocorrencia (loco_id, loco_dslocalocorrencia)
VALUES (3, 'CALÇADA');



--INSERT INTO LOGRADOURO_TIPO
--VALUES (1, 'RUA', 'RUA', 1, '2006-08-16 16:44:00', NULL);
--
--INSERT INTO LOGRADOURO_TIPO
--VALUES (2, 'PRACA', 'PRC', 1, '2006-08-16 16:44:00', NULL);
--
--INSERT INTO LOGRADOURO_TIPO
--VALUES (3, 'AVENIDA', 'AV ', 1, '2006-08-16 16:44:00', NULL);
--
--INSERT INTO LOGRADOURO_TIPO
--VALUES (4, 'ALAMEDA', 'AL ', 1, '2006-08-16 16:44:00', NULL);
--
--INSERT INTO LOGRADOURO_TIPO
--VALUES (5, 'LARGO', 'LAR', 1, '2006-08-16 16:44:00', NULL);
--
--INSERT INTO LOGRADOURO_TIPO
--VALUES (6, 'VIELA', 'VLA', 1, '2006-08-16 16:44:00', NULL);
--
--INSERT INTO LOGRADOURO_TIPO
--VALUES (7, 'VILA', 'VIL', 1, '2006-08-16 16:44:00', NULL);
--
--INSERT INTO LOGRADOURO_TIPO
--VALUES (8, 'ESTRADA', 'EST', 1, '2006-08-16 16:44:00', NULL);
--
--INSERT INTO LOGRADOURO_TIPO
--VALUES (9, 'TRAVESSA', 'TRV', 1, '2006-08-16 16:44:00', NULL);
--
--INSERT INTO LOGRADOURO_TIPO
--VALUES (10, 'LADEIRA', 'LD ', 1, '2006-08-16 16:44:00', NULL);
--
--INSERT INTO LOGRADOURO_TIPO
--VALUES (11, 'PASSAGEM', 'PAS', 1, '2006-08-16 16:44:00', NULL);
--
--INSERT INTO LOGRADOURO_TIPO
--VALUES (12, 'BR.', 'BR ', 1, '2006-08-16 16:44:00', NULL);
--
--INSERT INTO LOGRADOURO_TIPO
--VALUES (13, 'SITIO', 'SIT', 1, '2006-08-16 16:44:00', NULL);
--
--INSERT INTO LOGRADOURO_TIPO
--VALUES (14, 'RODOVIA', 'ROD', 1, '2006-08-16 16:44:00', NULL);
--
--INSERT INTO LOGRADOURO_TIPO
--VALUES (15, 'VIA', 'VIA', 1, '2006-08-16 16:44:00', NULL);



INSERT INTO mos_material (mate_id, mate_dsmaterial, unid_id, mate_dsunidade)
VALUES (1, 'COLAR DE TOMADA FoFo DE 200MMX3/4\"', 1, 'Unidade');

INSERT INTO mos_material (mate_id, mate_dsmaterial, unid_id, mate_dsunidade)
VALUES (2, 'COLAR DE TOMADA FoFo DE 250MMX1\"', 1, 'Unidade');

INSERT INTO mos_material (mate_id, mate_dsmaterial, unid_id, mate_dsunidade)
VALUES (3, 'COLAR DE TOMADA FoFo DE 250MMX1/2\"', 1, 'Unidade');

INSERT INTO mos_material (mate_id, mate_dsmaterial, unid_id, mate_dsunidade)
VALUES (4, 'COLAR DE TOMADA FoFo DE 250MMX1/2\"', 1, 'Unidade');

INSERT INTO mos_material (mate_id, mate_dsmaterial, unid_id, mate_dsunidade)
VALUES (5, 'COLAR DE TOMADA FoFo DE 250MMX3/4\"', 1, 'Unidade');

INSERT INTO mos_material (mate_id, mate_dsmaterial, unid_id, mate_dsunidade)
VALUES (6, 'COLAR DE TOMADA FoFo DE 300MMX1\"', 1, 'Unidade');


INSERT INTO mos_material (mate_id, mate_dsmaterial, unid_id, mate_dsunidade)
VALUES (7, 'LUVA DE FoFo TRIPARTIDA DN 400MM', 1, 'Unidade');

INSERT INTO mos_material (mate_id, mate_dsmaterial, unid_id, mate_dsunidade)
VALUES (8, 'REDUÇÃO FoFo C/FLANGE 100X50MM', 1, 'Unidade');



INSERT INTO mos_motivo_corte(mcor_id, mcor_dsmotivocorte)
VALUES (1, 'FALTA DE PAGAMENTO');

INSERT INTO mos_motivo_corte(mcor_id, mcor_dsmotivocorte)
VALUES (2, 'A PEDIDO');

INSERT INTO mos_motivo_corte(mcor_id, mcor_dsmotivocorte)
VALUES (3, 'ACORDO VENCIDO');

INSERT INTO mos_motivo_corte(mcor_id, mcor_dsmotivocorte)
VALUES (4, 'CHEQUE SEM FUNDO');

INSERT INTO mos_motivo_corte(mcor_id, mcor_dsmotivocorte)
VALUES (5, 'ACERTO DE CADASTRO');

INSERT INTO mos_motivo_corte(mcor_id, mcor_dsmotivocorte)
VALUES (6, 'REVISAO DO CORTE');

INSERT INTO mos_motivo_corte(mcor_id, mcor_dsmotivocorte)
VALUES (7, '1 REVISAO');

INSERT INTO mos_motivo_corte(mcor_id, mcor_dsmotivocorte)
VALUES (8, '2 REVISAO');



INSERT INTO mos_motivo_encerramento(mote_id, mote_dsmotivoencerramento)
VALUES (1, 'CANCELAMENTO PELA EMPRESA');

INSERT INTO mos_motivo_encerramento(mote_id, mote_dsmotivoencerramento)
VALUES (2, 'CONCLUSAO DO SERVICO');

INSERT INTO mos_motivo_encerramento(mote_id, mote_dsmotivoencerramento)
VALUES (3, 'DEBITO PAGO');

INSERT INTO mos_motivo_encerramento(mote_id, mote_dsmotivoencerramento)
VALUES (4, 'DESISTENCIA DO USUARIO');

INSERT INTO mos_motivo_encerramento(mote_id, mote_dsmotivoencerramento)
VALUES (5, 'DUPLICIDADE DE SOLICITACAO');

INSERT INTO mos_motivo_encerramento(mote_id, mote_dsmotivoencerramento)
VALUES (6, 'FALTA DE PAGAMENTO');

INSERT INTO mos_motivo_encerramento(mote_id, mote_dsmotivoencerramento)
VALUES (7, 'IMOVEL DEMOLIDO');

INSERT INTO mos_motivo_encerramento(mote_id, mote_dsmotivoencerramento)
VALUES (8, 'INVIABILIDADE TECNICA');

INSERT INTO mos_motivo_encerramento(mote_id, mote_dsmotivoencerramento)
VALUES (9, 'NAO PERMITIDO PELO USUARIO');

INSERT INTO mos_motivo_encerramento(mote_id, mote_dsmotivoencerramento)
VALUES (10, 'CODIGO SERVICO ERRADO');

INSERT INTO mos_motivo_encerramento(mote_id, mote_dsmotivoencerramento)
VALUES (11, 'IMOVEL NAO LOCALIZADO');

INSERT INTO mos_motivo_encerramento(mote_id, mote_dsmotivoencerramento)
VALUES (12, 'INDEFERIDO-CONSUMO CONFIRMADO');

INSERT INTO mos_motivo_encerramento(mote_id, mote_dsmotivoencerramento)
VALUES (13, 'VERACID. PAGTO. NAO CONFIRMADA');

INSERT INTO mos_motivo_encerramento(mote_id, mote_dsmotivoencerramento)
VALUES (16, 'INDEFERIDO-AREA SUPERIOR 60M2');

INSERT INTO mos_motivo_encerramento(mote_id, mote_dsmotivoencerramento)
VALUES (17, 'INDEFERIDO-ENERGIA ACIMA 80KWH');

INSERT INTO mos_motivo_encerramento(mote_id, mote_dsmotivoencerramento)
VALUES (18, 'INDEFERIDO-RENDA SUP. AO S.M.');

INSERT INTO mos_motivo_encerramento(mote_id, mote_dsmotivoencerramento)
VALUES (19, 'INDEFERIDO-CONS. AGUA SUP.10M3');

INSERT INTO mos_motivo_encerramento(mote_id, mote_dsmotivoencerramento)
VALUES (20, 'INDEFERIDO-CASA DE VERANEIO');

INSERT INTO mos_motivo_encerramento(mote_id, mote_dsmotivoencerramento)
VALUES (21, 'INDEFERIDO-IMOVEL COMERCIAL');

INSERT INTO mos_motivo_encerramento(mote_id, mote_dsmotivoencerramento)
VALUES (22, 'INDEFERIDO-IMOVEL INDUSTRIAL');

INSERT INTO mos_motivo_encerramento(mote_id, mote_dsmotivoencerramento)
VALUES (23, 'INDEFERIDO-IMOVEL PUBLICO');

INSERT INTO mos_motivo_encerramento(mote_id, mote_dsmotivoencerramento)
VALUES (24, 'IMOVEL ABANDONADO');

INSERT INTO mos_motivo_encerramento(mote_id, mote_dsmotivoencerramento)
VALUES (26, 'IMOVEL DESOCUPADO');

INSERT INTO mos_motivo_encerramento(mote_id, mote_dsmotivoencerramento)
VALUES (27, 'SERVICO JA  EXECUTADO');

INSERT INTO mos_motivo_encerramento(mote_id, mote_dsmotivoencerramento)
VALUES (28, 'IMOVEL FECHADO');

INSERT INTO mos_motivo_encerramento(mote_id, mote_dsmotivoencerramento)
VALUES (29, 'RAMAL NAO LOCALIZADO');

INSERT INTO mos_motivo_encerramento(mote_id, mote_dsmotivoencerramento)
VALUES (30, 'DEBITO CANCELADO/POR PAGTO NAO REGISTRADO');

INSERT INTO mos_motivo_encerramento(mote_id, mote_dsmotivoencerramento)
VALUES (31, 'CONTAS PARA REVISAO');

INSERT INTO mos_motivo_encerramento(mote_id, mote_dsmotivoencerramento)
VALUES (32, 'CANCELADO POR DECURSO DE PRAZO');

INSERT INTO mos_motivo_encerramento(mote_id, mote_dsmotivoencerramento)
VALUES (53, 'TARIFA SOCIAL ALTERADA');

INSERT INTO mos_motivo_encerramento(mote_id, mote_dsmotivoencerramento)
VALUES (68, 'SUSPENSO POR PAG, PARC OU CANC');

INSERT INTO mos_motivo_encerramento(mote_id, mote_dsmotivoencerramento)
VALUES (99, 'OUTROS');



INSERT INTO mos_pavimento_tipo (pavt_id, pavt_dspavimentotipo)
VALUES (1, 'Alvenaria');

INSERT INTO mos_pavimento_tipo (pavt_id, pavt_dspavimentotipo)
VALUES (2, 'Aplicação da Gram em Placa');

INSERT INTO mos_pavimento_tipo (pavt_id, pavt_dspavimentotipo)
VALUES (3, 'ASFALTO');

INSERT INTO mos_pavimento_tipo (pavt_id, pavt_dspavimentotipo)
VALUES (4, 'Assent. Caixa Plástica Cavalete');

INSERT INTO mos_pavimento_tipo (pavt_id, pavt_dspavimentotipo)
VALUES (5, 'Assent. Caixa Plástica Garagem');

INSERT INTO mos_pavimento_tipo (pavt_id, pavt_dspavimentotipo)
VALUES (6, 'BLOQUETE');

INSERT INTO mos_pavimento_tipo (pavt_id, pavt_dspavimentotipo)
VALUES (7, 'Cerâmica');

INSERT INTO mos_pavimento_tipo (pavt_id, pavt_dspavimentotipo)
VALUES (8, 'Chapisco');

INSERT INTO mos_pavimento_tipo (pavt_id, pavt_dspavimentotipo)
VALUES (9, 'Cimento');

INSERT INTO mos_pavimento_tipo (pavt_id, pavt_dspavimentotipo)
VALUES (10, 'Concreto Estrutural');

INSERT INTO mos_pavimento_tipo (pavt_id, pavt_dspavimentotipo)
VALUES (11, 'Concreto Simples');

INSERT INTO mos_pavimento_tipo (pavt_id, pavt_dspavimentotipo)
VALUES (12, 'Escavação Manual');

INSERT INTO mos_pavimento_tipo (pavt_id, pavt_dspavimentotipo)
VALUES (13, 'Gramagem em Placa');

INSERT INTO mos_pavimento_tipo (pavt_id, pavt_dspavimentotipo)
VALUES (14, 'M. Ferro 80cm');

INSERT INTO mos_pavimento_tipo (pavt_id, pavt_dspavimentotipo)
VALUES (15, 'M.Ferro 50cm');

INSERT INTO mos_pavimento_tipo (pavt_id, pavt_dspavimentotipo)
VALUES (16, 'M.Ferro 60cm');

INSERT INTO mos_pavimento_tipo (pavt_id, pavt_dspavimentotipo)
VALUES (17, 'Manilha 30cm');

INSERT INTO mos_pavimento_tipo (pavt_id, pavt_dspavimentotipo)
VALUES (18, 'Manilha 40cm');

INSERT INTO mos_pavimento_tipo (pavt_id, pavt_dspavimentotipo)
VALUES (19, 'Manilha 50cm');

INSERT INTO mos_pavimento_tipo (pavt_id, pavt_dspavimentotipo)
VALUES (20, 'Manilha 60cm');

INSERT INTO mos_pavimento_tipo (pavt_id, pavt_dspavimentotipo)
VALUES (21, 'Meio Fio');

INSERT INTO mos_pavimento_tipo (pavt_id, pavt_dspavimentotipo)
VALUES (22, 'OUTROS');

INSERT INTO mos_pavimento_tipo (pavt_id, pavt_dspavimentotipo)
VALUES (23, 'PARALELEPIPEDO');

INSERT INTO mos_pavimento_tipo (pavt_id, pavt_dspavimentotipo)
VALUES (24, 'PEDRA TOSCA');

INSERT INTO mos_pavimento_tipo (pavt_id, pavt_dspavimentotipo)
VALUES (25, 'Pintura');

INSERT INTO mos_pavimento_tipo (pavt_id, pavt_dspavimentotipo)
VALUES (26, 'Reboco');

INSERT INTO mos_pavimento_tipo (pavt_id, pavt_dspavimentotipo)
VALUES (27, 'Remo?\A7??o do Material');

INSERT INTO mos_pavimento_tipo (pavt_id, pavt_dspavimentotipo)
VALUES (28, 'Sarjeta');

INSERT INTO mos_pavimento_tipo (pavt_id, pavt_dspavimentotipo)
VALUES (29, 'SOLO BRUTO');



INSERT INTO mos_religacao_tipo(retp_id,rept_dsreligacaotipo)
VALUES (1, 'RELIGACAO SIMPLES');

INSERT INTO mos_religacao_tipo(retp_id,rept_dsreligacaotipo)
VALUES (2, 'RELIGACAO DA LIGACAO DE AGUA');

INSERT INTO mos_religacao_tipo(retp_id,rept_dsreligacaotipo)
VALUES (3, 'RELIGACAO COM HM NOVO');

INSERT INTO mos_religacao_tipo(retp_id,rept_dsreligacaotipo)
VALUES (4, 'RELIGACAO POR SUPRESSAO');

INSERT INTO mos_religacao_tipo(retp_id,rept_dsreligacaotipo)
VALUES (5, 'RELIGACAO ESPECIAL POR SUPRESSAO');

INSERT INTO mos_religacao_tipo(retp_id,rept_dsreligacaotipo)
VALUES (6, 'RELIGACAO ESPECIAL POR CORTE');

INSERT INTO mos_religacao_tipo(retp_id,rept_dsreligacaotipo)
VALUES (7, 'RELIGACAO COM ADEQUACAO');

INSERT INTO mos_religacao_tipo(retp_id,rept_dsreligacaotipo)
VALUES (8, 'NORMALIZACAO DE LIGACAO');


INSERT INTO mos_veiculo_marca(vemr_id,vemr_dsveiculomarca)
VALUES (0, 'NAO INFORMADO');

INSERT INTO mos_veiculo_modelo(vemo_id,vemo_dsveiculomodelo)
VALUES (0, 'NAO INFORMADO');

INSERT INTO mos_veiculo_tipo(vetp_id,vetp_dsveiculotipo)
VALUES (0, 'NAO INFORMADO');



INSERT INTO mos_checklist_grupo(chgr_id,chgr_dschecklistgrupo)
VALUES (1, 'Fluidos');

INSERT INTO mos_checklist_grupo(chgr_id,chgr_dschecklistgrupo)
VALUES (2, 'Possui');

INSERT INTO mos_checklist_grupo(chgr_id,chgr_dschecklistgrupo)
VALUES (3, 'Eletrica');

INSERT INTO mos_checklist_grupo(chgr_id,chgr_dschecklistgrupo)
VALUES (4, 'Verificar');

INSERT INTO mos_checklist_grupo(chgr_id,chgr_dschecklistgrupo)
VALUES (5, 'Funilaria e pintura');



INSERT INTO mos_checklist_item(chit_id,chgr_id,chit_dschecklistitem)
VALUES (1, 1, 'Nível do combustível');

INSERT INTO mos_checklist_item(chit_id,chgr_id,chit_dschecklistitem)
VALUES (2, 1, 'Nível Oleo motor');

INSERT INTO mos_checklist_item(chit_id,chgr_id,chit_dschecklistitem)
VALUES (3, 1, 'Nível Oleo de freio');

INSERT INTO mos_checklist_item(chit_id,chgr_id,chit_dschecklistitem)
VALUES (4, 1, 'Nivel Oleo hidraulico');

INSERT INTO mos_checklist_item(chit_id,chgr_id,chit_dschecklistitem)
VALUES (5, 1, 'Nivel agua do radiador');

INSERT INTO mos_checklist_item(chit_id,chgr_id,chit_dschecklistitem)
VALUES (6, 1, 'Nivel agua limpador');

INSERT INTO mos_checklist_item(chit_id,chgr_id,chit_dschecklistitem)
VALUES (7, 2, 'Placas do veiculo');

INSERT INTO mos_checklist_item(chit_id,chgr_id,chit_dschecklistitem)
VALUES (8, 2, 'Documento de rodagem');

INSERT INTO mos_checklist_item(chit_id,chgr_id,chit_dschecklistitem)
VALUES (9, 2, 'Cartao de abastecimento');

INSERT INTO mos_checklist_item(chit_id,chgr_id,chit_dschecklistitem)
VALUES (10, 2, 'Kit manual fabricante');

INSERT INTO mos_checklist_item(chit_id,chgr_id,chit_dschecklistitem)
VALUES (11, 2, 'Estepe');

INSERT INTO mos_checklist_item(chit_id,chgr_id,chit_dschecklistitem)
VALUES (12, 2, 'Chave de roda');

INSERT INTO mos_checklist_item(chit_id,chgr_id,chit_dschecklistitem)
VALUES (13, 2, 'Triangulo');

INSERT INTO mos_checklist_item(chit_id,chgr_id,chit_dschecklistitem)
VALUES (14, 2, 'GPS');

INSERT INTO mos_checklist_item(chit_id,chgr_id,chit_dschecklistitem)
VALUES (15, 2, 'Extintor de incendio');

INSERT INTO mos_checklist_item(chit_id,chgr_id,chit_dschecklistitem)
VALUES (16, 2, 'Tapetes');

INSERT INTO mos_checklist_item(chit_id,chgr_id,chit_dschecklistitem)
VALUES (17, 3, 'Iluminaçã dianteira');

INSERT INTO mos_checklist_item(chit_id,chgr_id,chit_dschecklistitem)
VALUES (18, 3, 'Iluminação traseira');

INSERT INTO mos_checklist_item(chit_id,chgr_id,chit_dschecklistitem)
VALUES (19, 3, 'Iluminação interna');

INSERT INTO mos_checklist_item(chit_id,chgr_id,chit_dschecklistitem)
VALUES (20, 3, 'Painel de instrumentos');

INSERT INTO mos_checklist_item(chit_id,chgr_id,chit_dschecklistitem)
VALUES (21, 3, 'Buzina');

INSERT INTO mos_checklist_item(chit_id,chgr_id,chit_dschecklistitem)
VALUES (22, 3, 'R?dio / Som');

INSERT INTO mos_checklist_item(chit_id,chgr_id,chit_dschecklistitem)
VALUES (23, 3, 'Giroflex');

INSERT INTO mos_checklist_item(chit_id,chgr_id,chit_dschecklistitem)
VALUES (24, 3, 'Limpador de para-brisas');

INSERT INTO mos_checklist_item(chit_id,chgr_id,chit_dschecklistitem)
VALUES (25, 4, 'Bancos');

INSERT INTO mos_checklist_item(chit_id,chgr_id,chit_dschecklistitem)
VALUES (26, 4, 'Vidros');

INSERT INTO mos_checklist_item(chit_id,chgr_id,chit_dschecklistitem)
VALUES (27, 4, 'Cintos de segurança');

INSERT INTO mos_checklist_item(chit_id,chgr_id,chit_dschecklistitem)
VALUES (28, 4, 'Retrovisores');

INSERT INTO mos_checklist_item(chit_id,chgr_id,chit_dschecklistitem)
VALUES (29, 4, 'Grades');

INSERT INTO mos_checklist_item(chit_id,chgr_id,chit_dschecklistitem)
VALUES (30, 4, 'Estribos / Frisos');

INSERT INTO mos_checklist_item(chit_id,chgr_id,chit_dschecklistitem)
VALUES (31, 4, 'Limpeza externa');

INSERT INTO mos_checklist_item(chit_id,chgr_id,chit_dschecklistitem)
VALUES (32, 4, 'Limpeza interna');

INSERT INTO mos_checklist_item(chit_id,chgr_id,chit_dschecklistitem)
VALUES (33, 4, 'Pneus');

INSERT INTO mos_checklist_item(chit_id,chgr_id,chit_dschecklistitem)
VALUES (34, 4, 'Adesivos');

INSERT INTO mos_checklist_item(chit_id,chgr_id,chit_dschecklistitem)
VALUES (35, 4, 'Purgar balao de ar');

INSERT INTO mos_checklist_item(chit_id,chgr_id,chit_dschecklistitem)
VALUES (36, 5, 'Dianteira');

INSERT INTO mos_checklist_item(chit_id,chgr_id,chit_dschecklistitem)
VALUES (37, 5, 'Traseira');

INSERT INTO mos_checklist_item(chit_id,chgr_id,chit_dschecklistitem)
VALUES (38, 5, 'Lateral esquerda');

INSERT INTO mos_checklist_item(chit_id,chgr_id,chit_dschecklistitem)
VALUES (39, 5, 'Lateral direita');

INSERT INTO mos_checklist_item(chit_id,chgr_id,chit_dschecklistitem)
VALUES (40, 5, 'Teto');



INSERT INTO mos_checklist_item_opcao(chio_id,chio_dschecklistitemopcao, chit_id)
VALUES (1, '1/4', 1);

INSERT INTO mos_checklist_item_opcao(chio_id,chio_dschecklistitemopcao, chit_id)
VALUES (2, '2/4', 1);

INSERT INTO mos_checklist_item_opcao(chio_id,chio_dschecklistitemopcao, chit_id)
VALUES (3, '3/4', 1);

INSERT INTO mos_checklist_item_opcao(chio_id,chio_dschecklistitemopcao, chit_id)
VALUES (4, '4/4', 1);

INSERT INTO mos_checklist_item_opcao(chio_id,chio_dschecklistitemopcao, chit_id)
VALUES (5, 'Conforme', 2);

INSERT INTO mos_checklist_item_opcao(chio_id,chio_dschecklistitemopcao, chit_id)
VALUES (6, 'Não conforme', 2);

INSERT INTO mos_checklist_item_opcao(chio_id,chio_dschecklistitemopcao, chit_id)
VALUES (7, 'Não aplicável', 2);

INSERT INTO mos_checklist_item_opcao(chio_id,chio_dschecklistitemopcao, chit_id)
VALUES (8, 'Tratativa', 2);

INSERT INTO mos_checklist_item_opcao(chio_id,chio_dschecklistitemopcao, chit_id)
VALUES (9, 'Conforme', 3);

INSERT INTO mos_checklist_item_opcao(chio_id,chio_dschecklistitemopcao, chit_id)
VALUES (10, 'Não conforme', 3);

INSERT INTO mos_checklist_item_opcao(chio_id,chio_dschecklistitemopcao, chit_id)
VALUES (11, 'Não aplicável', 3);

INSERT INTO mos_checklist_item_opcao(chio_id,chio_dschecklistitemopcao, chit_id)
VALUES (12, 'Tratativa', 3);

INSERT INTO mos_checklist_item_opcao(chio_id,chio_dschecklistitemopcao, chit_id)
VALUES (13, 'Conforme', 4);

INSERT INTO mos_checklist_item_opcao(chio_id,chio_dschecklistitemopcao, chit_id)
VALUES (14, 'Não conforme', 4);

INSERT INTO mos_checklist_item_opcao(chio_id,chio_dschecklistitemopcao, chit_id)
VALUES (15, 'Não aplicável', 4);

INSERT INTO mos_checklist_item_opcao(chio_id,chio_dschecklistitemopcao, chit_id)
VALUES (16, 'Tratativa', 4);

INSERT INTO mos_checklist_item_opcao(chio_id,chio_dschecklistitemopcao, chit_id)
VALUES (17, 'Conforme', 5);

INSERT INTO mos_checklist_item_opcao(chio_id,chio_dschecklistitemopcao, chit_id)
VALUES (18, 'Não conforme', 5);

INSERT INTO mos_checklist_item_opcao(chio_id,chio_dschecklistitemopcao, chit_id)
VALUES (19, 'Não aplicável', 5);

INSERT INTO mos_checklist_item_opcao(chio_id,chio_dschecklistitemopcao, chit_id)
VALUES (20, 'Tratativa', 5);

INSERT INTO mos_checklist_item_opcao(chio_id,chio_dschecklistitemopcao, chit_id)
VALUES (21, 'Conforme', 6);

INSERT INTO mos_checklist_item_opcao(chio_id,chio_dschecklistitemopcao, chit_id)
VALUES (22, 'Não conforme', 6);

INSERT INTO mos_checklist_item_opcao(chio_id,chio_dschecklistitemopcao, chit_id)
VALUES (23, 'Não aplicável', 6);

INSERT INTO mos_checklist_item_opcao(chio_id,chio_dschecklistitemopcao, chit_id)
VALUES (24, 'Tratativa', 6);

INSERT INTO mos_checklist_item_opcao(chio_id,chio_dschecklistitemopcao, chit_id)
VALUES (25, 'Conforme', 7);

INSERT INTO mos_checklist_item_opcao(chio_id,chio_dschecklistitemopcao, chit_id)
VALUES (26, 'Não conforme', 7);

INSERT INTO mos_checklist_item_opcao(chio_id,chio_dschecklistitemopcao, chit_id)
VALUES (27, 'Não aplicável', 7);

INSERT INTO mos_checklist_item_opcao(chio_id,chio_dschecklistitemopcao, chit_id)
VALUES (28, 'Tratativa', 7);

INSERT INTO mos_checklist_item_opcao(chio_id,chio_dschecklistitemopcao, chit_id)
VALUES (29, 'Conforme', 8);

INSERT INTO mos_checklist_item_opcao(chio_id,chio_dschecklistitemopcao, chit_id)
VALUES (30, 'Não conforme', 8);

INSERT INTO mos_checklist_item_opcao(chio_id,chio_dschecklistitemopcao, chit_id)
VALUES (31, 'Não aplicável',  8);

INSERT INTO mos_checklist_item_opcao(chio_id,chio_dschecklistitemopcao, chit_id)
VALUES (32, 'Tratativa', 8);

INSERT INTO mos_checklist_item_opcao(chio_id,chio_dschecklistitemopcao, chit_id)
VALUES (33, 'Conforme', 9);

INSERT INTO mos_checklist_item_opcao(chio_id,chio_dschecklistitemopcao, chit_id)
VALUES (34, 'Não conforme', 9);

INSERT INTO mos_checklist_item_opcao(chio_id,chio_dschecklistitemopcao, chit_id)
VALUES (35, 'Não aplicável', 9);

INSERT INTO mos_checklist_item_opcao(chio_id,chio_dschecklistitemopcao, chit_id)
VALUES (36, 'Tratativa',  9);

INSERT INTO mos_checklist_item_opcao(chio_id,chio_dschecklistitemopcao, chit_id)
VALUES (37, 'Conforme', 10);

INSERT INTO mos_checklist_item_opcao(chio_id,chio_dschecklistitemopcao, chit_id)
VALUES (38, 'Não conforme', 10);

INSERT INTO mos_checklist_item_opcao(chio_id,chio_dschecklistitemopcao, chit_id)
VALUES (39, 'Não aplicável', 10);

INSERT INTO mos_checklist_item_opcao(chio_id,chio_dschecklistitemopcao, chit_id)
VALUES (40, 'Tratativa', 10);

INSERT INTO mos_checklist_item_opcao(chio_id,chio_dschecklistitemopcao, chit_id)
VALUES (41, 'Conforme',  11);

INSERT INTO mos_checklist_item_opcao(chio_id,chio_dschecklistitemopcao, chit_id)
VALUES (42, 'Não conforme',  11);

INSERT INTO mos_checklist_item_opcao(chio_id,chio_dschecklistitemopcao, chit_id)
VALUES (43, 'Não aplicável',  11);

INSERT INTO mos_checklist_item_opcao(chio_id,chio_dschecklistitemopcao, chit_id)
VALUES (44, 'Tratativa',  11);

INSERT INTO mos_checklist_item_opcao(chio_id,chio_dschecklistitemopcao, chit_id)
VALUES (45, 'Conforme',  12);

INSERT INTO mos_checklist_item_opcao(chio_id,chio_dschecklistitemopcao, chit_id)
VALUES (46, 'Não conforme',  12);

INSERT INTO mos_checklist_item_opcao(chio_id,chio_dschecklistitemopcao, chit_id)
VALUES (47, 'Não aplicável',  12);

INSERT INTO mos_checklist_item_opcao(chio_id,chio_dschecklistitemopcao, chit_id)
VALUES (48, 'Tratativa',  12);

INSERT INTO mos_checklist_item_opcao(chio_id,chio_dschecklistitemopcao, chit_id)
VALUES (49, 'Conforme',  13);

INSERT INTO mos_checklist_item_opcao(chio_id,chio_dschecklistitemopcao, chit_id)
VALUES (50, 'Não conforme',  13);

INSERT INTO mos_checklist_item_opcao(chio_id,chio_dschecklistitemopcao, chit_id)
VALUES (51, 'Não aplicável',  13);

INSERT INTO mos_checklist_item_opcao(chio_id,chio_dschecklistitemopcao, chit_id)
VALUES (52, 'Tratativa',  13);

INSERT INTO mos_checklist_item_opcao(chio_id,chio_dschecklistitemopcao, chit_id)
VALUES (53, 'Conforme',  14);

INSERT INTO mos_checklist_item_opcao(chio_id,chio_dschecklistitemopcao, chit_id)
VALUES (54, 'Não conforme',  14);

INSERT INTO mos_checklist_item_opcao(chio_id,chio_dschecklistitemopcao, chit_id)
VALUES (55, 'Não aplicável',  14);

INSERT INTO mos_checklist_item_opcao(chio_id,chio_dschecklistitemopcao, chit_id)
VALUES (56, 'Tratativa',  14);

INSERT INTO mos_checklist_item_opcao(chio_id,chio_dschecklistitemopcao, chit_id)
VALUES (57, 'Conforme',  15);

INSERT INTO mos_checklist_item_opcao(chio_id,chio_dschecklistitemopcao, chit_id)
VALUES (58, 'Não conforme',  15);

INSERT INTO mos_checklist_item_opcao(chio_id,chio_dschecklistitemopcao, chit_id)
VALUES (59, 'Não aplicável',  15);

INSERT INTO mos_checklist_item_opcao(chio_id,chio_dschecklistitemopcao, chit_id)
VALUES (60, 'Tratativa',  15);

INSERT INTO mos_checklist_item_opcao(chio_id,chio_dschecklistitemopcao, chit_id)
VALUES (61, 'Conforme',  16);

INSERT INTO mos_checklist_item_opcao(chio_id,chio_dschecklistitemopcao, chit_id)
VALUES (62, 'Não conforme',  16);

INSERT INTO mos_checklist_item_opcao(chio_id,chio_dschecklistitemopcao, chit_id)
VALUES (63, 'Não aplicável',  16);

INSERT INTO mos_checklist_item_opcao(chio_id,chio_dschecklistitemopcao, chit_id)
VALUES (64, 'Tratativa',  16);

INSERT INTO mos_checklist_item_opcao(chio_id,chio_dschecklistitemopcao, chit_id)
VALUES (65, 'Conforme',  17);

INSERT INTO mos_checklist_item_opcao(chio_id,chio_dschecklistitemopcao, chit_id)
VALUES (66, 'Não conforme',  17);

INSERT INTO mos_checklist_item_opcao(chio_id,chio_dschecklistitemopcao, chit_id)
VALUES (67, 'Não aplicável',  17);

INSERT INTO mos_checklist_item_opcao(chio_id,chio_dschecklistitemopcao, chit_id)
VALUES (68, 'Tratativa',  17);

INSERT INTO mos_checklist_item_opcao(chio_id,chio_dschecklistitemopcao, chit_id)
VALUES (69, 'Conforme',  18);

INSERT INTO mos_checklist_item_opcao(chio_id,chio_dschecklistitemopcao, chit_id)
VALUES (70, 'Não conforme',  18);

INSERT INTO mos_checklist_item_opcao(chio_id,chio_dschecklistitemopcao, chit_id)
VALUES (71, 'Não aplicável',  18);

INSERT INTO mos_checklist_item_opcao(chio_id,chio_dschecklistitemopcao, chit_id)
VALUES (72, 'Tratativa', 18);

INSERT INTO mos_checklist_item_opcao(chio_id,chio_dschecklistitemopcao, chit_id)
VALUES (73, 'Conforme',  19);

INSERT INTO mos_checklist_item_opcao(chio_id,chio_dschecklistitemopcao, chit_id)
VALUES (74, 'Não conforme',  19);

INSERT INTO mos_checklist_item_opcao(chio_id,chio_dschecklistitemopcao, chit_id)
VALUES (75, 'Não aplicável',  19);

INSERT INTO mos_checklist_item_opcao(chio_id,chio_dschecklistitemopcao, chit_id)
VALUES (76, 'Tratativa',  19);

INSERT INTO mos_checklist_item_opcao(chio_id,chio_dschecklistitemopcao, chit_id)
VALUES (77, 'Conforme',  20);

INSERT INTO mos_checklist_item_opcao(chio_id,chio_dschecklistitemopcao, chit_id)
VALUES (78, 'Não conforme',  20);

INSERT INTO mos_checklist_item_opcao(chio_id,chio_dschecklistitemopcao, chit_id)
VALUES (79, 'Não aplicável',  20);

INSERT INTO mos_checklist_item_opcao(chio_id,chio_dschecklistitemopcao, chit_id)
VALUES (80, 'Tratativa',  20);

INSERT INTO mos_checklist_item_opcao(chio_id,chio_dschecklistitemopcao, chit_id)
VALUES (81, 'Conforme',  21);

INSERT INTO mos_checklist_item_opcao(chio_id,chio_dschecklistitemopcao, chit_id)
VALUES (82, 'Não conforme',  21);

INSERT INTO mos_checklist_item_opcao(chio_id,chio_dschecklistitemopcao, chit_id)
VALUES (83, 'Não aplicável',  21);

INSERT INTO mos_checklist_item_opcao(chio_id,chio_dschecklistitemopcao, chit_id)
VALUES (84, 'Tratativa',  21);

INSERT INTO mos_checklist_item_opcao(chio_id,chio_dschecklistitemopcao, chit_id)
VALUES (85, 'Conforme',  22);

INSERT INTO mos_checklist_item_opcao(chio_id,chio_dschecklistitemopcao, chit_id)
VALUES (86, 'Não conforme',  22);

INSERT INTO mos_checklist_item_opcao(chio_id,chio_dschecklistitemopcao, chit_id)
VALUES (87, 'Não aplicável',  22);

INSERT INTO mos_checklist_item_opcao(chio_id,chio_dschecklistitemopcao, chit_id)
VALUES (88, 'Tratativa',  22);

INSERT INTO mos_checklist_item_opcao(chio_id,chio_dschecklistitemopcao, chit_id)
VALUES (89, 'Conforme',  23);

INSERT INTO mos_checklist_item_opcao(chio_id,chio_dschecklistitemopcao, chit_id)
VALUES (90, 'Não conforme',  23);

INSERT INTO mos_checklist_item_opcao(chio_id,chio_dschecklistitemopcao, chit_id)
VALUES (91, 'Não aplicável',  23);

INSERT INTO mos_checklist_item_opcao(chio_id,chio_dschecklistitemopcao, chit_id)
VALUES (92, 'Tratativa',  23);

INSERT INTO mos_checklist_item_opcao(chio_id,chio_dschecklistitemopcao, chit_id)
VALUES (93, 'Conforme',  24);

INSERT INTO mos_checklist_item_opcao(chio_id,chio_dschecklistitemopcao, chit_id)
VALUES (94, 'Não conforme',  24);

INSERT INTO mos_checklist_item_opcao(chio_id,chio_dschecklistitemopcao, chit_id)
VALUES (95, 'Não aplicável',  24);

INSERT INTO mos_checklist_item_opcao(chio_id,chio_dschecklistitemopcao, chit_id)
VALUES (96, 'Tratativa',  24);

INSERT INTO mos_checklist_item_opcao(chio_id,chio_dschecklistitemopcao, chit_id)
VALUES (97, 'Conforme',  25);

INSERT INTO mos_checklist_item_opcao(chio_id,chio_dschecklistitemopcao, chit_id)
VALUES (98, 'Não conforme',  25);

INSERT INTO mos_checklist_item_opcao(chio_id,chio_dschecklistitemopcao, chit_id)
VALUES (99, 'Não aplicável',  25);

INSERT INTO mos_checklist_item_opcao(chio_id,chio_dschecklistitemopcao, chit_id)
VALUES (100, 'Tratativa',  25);

INSERT INTO mos_checklist_item_opcao(chio_id,chio_dschecklistitemopcao, chit_id)
VALUES (101, 'Conforme',  26);

INSERT INTO mos_checklist_item_opcao(chio_id,chio_dschecklistitemopcao, chit_id)
VALUES (102, 'Não conforme',  26);

INSERT INTO mos_checklist_item_opcao(chio_id,chio_dschecklistitemopcao, chit_id)
VALUES (103, 'Não aplicável',  26);

INSERT INTO mos_checklist_item_opcao(chio_id,chio_dschecklistitemopcao, chit_id)
VALUES (104, 'Tratativa',  26);

INSERT INTO mos_checklist_item_opcao(chio_id,chio_dschecklistitemopcao, chit_id)
VALUES (105, 'Conforme',  27);

INSERT INTO mos_checklist_item_opcao(chio_id,chio_dschecklistitemopcao, chit_id)
VALUES (106, 'Não conforme',  27);

INSERT INTO mos_checklist_item_opcao(chio_id,chio_dschecklistitemopcao, chit_id)
VALUES (107, 'Não aplicável',  27);

INSERT INTO mos_checklist_item_opcao(chio_id,chio_dschecklistitemopcao, chit_id)
VALUES (108, 'Tratativa',  27);

INSERT INTO mos_checklist_item_opcao(chio_id,chio_dschecklistitemopcao, chit_id)
VALUES (109, 'Conforme',  28);

INSERT INTO mos_checklist_item_opcao(chio_id,chio_dschecklistitemopcao, chit_id)
VALUES (110, 'Não conforme',  28);

INSERT INTO mos_checklist_item_opcao(chio_id,chio_dschecklistitemopcao, chit_id)
VALUES (111, 'Não aplicável',  28);

INSERT INTO mos_checklist_item_opcao(chio_id,chio_dschecklistitemopcao, chit_id)
VALUES (112, 'Tratativa',  28);

INSERT INTO mos_checklist_item_opcao(chio_id,chio_dschecklistitemopcao, chit_id)
VALUES (113, 'Conforme',  29);

INSERT INTO mos_checklist_item_opcao(chio_id,chio_dschecklistitemopcao, chit_id)
VALUES (114, 'Não conforme', 29);

INSERT INTO mos_checklist_item_opcao(chio_id,chio_dschecklistitemopcao, chit_id)
VALUES (115, 'Não aplicável',  29);

INSERT INTO mos_checklist_item_opcao(chio_id,chio_dschecklistitemopcao, chit_id)
VALUES (116, 'Tratativa',  29);

INSERT INTO mos_checklist_item_opcao(chio_id,chio_dschecklistitemopcao, chit_id)
VALUES (117, 'Conforme',  30);

INSERT INTO mos_checklist_item_opcao(chio_id,chio_dschecklistitemopcao, chit_id)
VALUES (118, 'Não conforme',  30);

INSERT INTO mos_checklist_item_opcao(chio_id,chio_dschecklistitemopcao, chit_id)
VALUES (119, 'Não aplicável',  30);

INSERT INTO mos_checklist_item_opcao(chio_id,chio_dschecklistitemopcao, chit_id)
VALUES (120, 'Tratativa',  30);

INSERT INTO mos_checklist_item_opcao(chio_id,chio_dschecklistitemopcao, chit_id)
VALUES (121, 'Conforme',  31);

INSERT INTO mos_checklist_item_opcao(chio_id,chio_dschecklistitemopcao, chit_id)
VALUES (122, 'Não conforme',  31);

INSERT INTO mos_checklist_item_opcao(chio_id,chio_dschecklistitemopcao, chit_id)
VALUES (123, 'Não aplicável',  31);

INSERT INTO mos_checklist_item_opcao(chio_id,chio_dschecklistitemopcao, chit_id)
VALUES (124, 'Tratativa',  31);

INSERT INTO mos_checklist_item_opcao(chio_id,chio_dschecklistitemopcao, chit_id)
VALUES (125, 'Conforme',  32);

INSERT INTO mos_checklist_item_opcao(chio_id,chio_dschecklistitemopcao, chit_id)
VALUES (126, 'Não conforme',  32);

INSERT INTO mos_checklist_item_opcao(chio_id,chio_dschecklistitemopcao, chit_id)
VALUES (127, 'Não aplicável',  32);

INSERT INTO mos_checklist_item_opcao(chio_id,chio_dschecklistitemopcao, chit_id)
VALUES (128, 'Tratativa', 32);

INSERT INTO mos_checklist_item_opcao(chio_id,chio_dschecklistitemopcao, chit_id)
VALUES (129, 'Conforme',  33);

INSERT INTO mos_checklist_item_opcao(chio_id,chio_dschecklistitemopcao, chit_id)
VALUES (130, 'Não conforme',  33);

INSERT INTO mos_checklist_item_opcao(chio_id,chio_dschecklistitemopcao, chit_id)
VALUES (131, 'Não aplicável',  33);

INSERT INTO mos_checklist_item_opcao(chio_id,chio_dschecklistitemopcao, chit_id)
VALUES (132, 'Tratativa',  33);

INSERT INTO mos_checklist_item_opcao(chio_id,chio_dschecklistitemopcao, chit_id)
VALUES (133, 'Conforme',  34);

INSERT INTO mos_checklist_item_opcao(chio_id,chio_dschecklistitemopcao, chit_id)
VALUES (134, 'Não conforme',  34);

INSERT INTO mos_checklist_item_opcao(chio_id,chio_dschecklistitemopcao, chit_id)
VALUES (135, 'Não aplicável',  34);

INSERT INTO mos_checklist_item_opcao(chio_id,chio_dschecklistitemopcao, chit_id)
VALUES (136, 'Tratativa',  34);

INSERT INTO mos_checklist_item_opcao(chio_id,chio_dschecklistitemopcao, chit_id)
VALUES (137, 'Conforme',  35);

INSERT INTO mos_checklist_item_opcao(chio_id,chio_dschecklistitemopcao, chit_id)
VALUES (138, 'Não conforme',  35);

INSERT INTO mos_checklist_item_opcao(chio_id,chio_dschecklistitemopcao, chit_id)
VALUES (139, 'Não aplicável',  35);

INSERT INTO mos_checklist_item_opcao(chio_id,chio_dschecklistitemopcao, chit_id)
VALUES (140, 'Tratativa',  35);

INSERT INTO mos_checklist_item_opcao(chio_id,chio_dschecklistitemopcao, chit_id)
VALUES (141, 'Conforme',  36);

INSERT INTO mos_checklist_item_opcao(chio_id,chio_dschecklistitemopcao, chit_id)
VALUES (142, 'Não conforme',  36);

INSERT INTO mos_checklist_item_opcao(chio_id,chio_dschecklistitemopcao, chit_id)
VALUES (143, 'Não aplicável',  36);

INSERT INTO mos_checklist_item_opcao(chio_id,chio_dschecklistitemopcao, chit_id)
VALUES (144, 'Tratativa',  36);

INSERT INTO mos_checklist_item_opcao(chio_id,chio_dschecklistitemopcao, chit_id)
VALUES (145, 'Conforme',  37);

INSERT INTO mos_checklist_item_opcao(chio_id,chio_dschecklistitemopcao, chit_id)
VALUES (146, 'Não conforme',  37);

INSERT INTO mos_checklist_item_opcao(chio_id,chio_dschecklistitemopcao, chit_id)
VALUES (147, 'Não aplicável',  37);

INSERT INTO mos_checklist_item_opcao(chio_id,chio_dschecklistitemopcao, chit_id)
VALUES (148, 'Tratativa',  37);

INSERT INTO mos_checklist_item_opcao(chio_id,chio_dschecklistitemopcao, chit_id)
VALUES (149, 'Conforme',  38);

INSERT INTO mos_checklist_item_opcao(chio_id,chio_dschecklistitemopcao, chit_id)
VALUES (150, 'Não conforme',  38);

INSERT INTO mos_checklist_item_opcao(chio_id,chio_dschecklistitemopcao, chit_id)
VALUES (151, 'Não aplicável', 38);

INSERT INTO mos_checklist_item_opcao(chio_id,chio_dschecklistitemopcao, chit_id)
VALUES (152, 'Tratativa',  38);

INSERT INTO mos_checklist_item_opcao(chio_id,chio_dschecklistitemopcao, chit_id)
VALUES (153, 'Conforme',  39);

INSERT INTO mos_checklist_item_opcao(chio_id,chio_dschecklistitemopcao, chit_id)
VALUES (154, 'Não conforme',  39);

INSERT INTO mos_checklist_item_opcao(chio_id,chio_dschecklistitemopcao, chit_id)
VALUES (155, 'Não aplicável',  39);

INSERT INTO mos_checklist_item_opcao(chio_id,chio_dschecklistitemopcao, chit_id)
VALUES (156, 'Tratativa',  39);

INSERT INTO mos_checklist_item_opcao(chio_id,chio_dschecklistitemopcao, chit_id)
VALUES (157, 'Conforme',  40);

INSERT INTO mos_checklist_item_opcao(chio_id,chio_dschecklistitemopcao, chit_id)
VALUES (158, 'Não conforme',  40);

INSERT INTO mos_checklist_item_opcao(chio_id,chio_dschecklistitemopcao, chit_id)
VALUES (159, 'Não aplicável',  40);

INSERT INTO mos_checklist_item_opcao(chio_id,chio_dschecklistitemopcao, chit_id)
VALUES (160, 'Tratativa',  40);